,Survived,Sex,socioeconomicstatus,embarkedport,agegroup,familymembers,hasfamily
0,0,male,lower,Southampton,Young Adult,1,1
1,1,female,upper,Cherbourg,Adult,1,1
2,1,female,lower,Southampton,Adult,0,0
3,1,female,upper,Southampton,Adult,1,1
4,0,male,lower,Southampton,Adult,0,0
5,0,male,lower,Queenstown,Adult,0,0
6,0,male,upper,Southampton,Elder,0,0
7,0,male,lower,Southampton,Adolescent,4,1
8,1,female,lower,Southampton,Adult,2,1
9,1,female,middle,Cherbourg,Teenager,1,1
10,1,female,lower,Southampton,Adolescent,2,1
11,1,female,upper,Southampton,Elder,0,0
12,0,male,lower,Southampton,Young Adult,0,0
13,0,male,lower,Southampton,Adult,6,1
14,0,female,lower,Southampton,Teenager,0,0
15,1,female,middle,Southampton,Elder,0,0
16,0,male,lower,Queenstown,Adolescent,5,1
17,1,male,middle,Southampton,Adult,0,0
18,0,female,lower,Southampton,Adult,1,1
19,1,female,lower,Cherbourg,Adult,0,0
20,0,male,middle,Southampton,Adult,0,0
21,1,male,middle,Southampton,Adult,0,0
22,1,female,lower,Queenstown,Teenager,0,0
23,1,male,upper,Southampton,Adult,0,0
24,0,female,lower,Southampton,Adolescent,4,1
25,1,female,lower,Southampton,Adult,6,1
26,0,male,lower,Cherbourg,Adult,0,0
27,0,male,upper,Southampton,Young Adult,5,1
28,1,female,lower,Queenstown,Adult,0,0
29,0,male,lower,Southampton,Adult,0,0
30,0,male,upper,Cherbourg,Adult,0,0
31,1,female,upper,Cherbourg,Adult,1,1
32,1,female,lower,Queenstown,Adult,0,0
33,0,male,middle,Southampton,Elder,0,0
34,0,male,upper,Cherbourg,Adult,1,1
35,0,male,upper,Southampton,Elder,1,1
36,1,male,lower,Cherbourg,Adult,0,0
37,0,male,lower,Southampton,Young Adult,0,0
38,0,female,lower,Southampton,Teenager,2,1
39,1,female,lower,Cherbourg,Teenager,1,1
40,0,female,lower,Southampton,Adult,1,1
41,0,female,middle,Southampton,Adult,1,1
42,0,male,lower,Cherbourg,Adult,0,0
43,1,female,middle,Cherbourg,Adolescent,3,1
44,1,female,lower,Queenstown,Young Adult,0,0
45,0,male,lower,Southampton,Adult,0,0
46,0,male,lower,Queenstown,Adult,1,1
47,1,female,lower,Queenstown,Adult,0,0
48,0,male,lower,Cherbourg,Adult,2,1
49,0,female,lower,Southampton,Teenager,1,1
50,0,male,lower,Southampton,Adolescent,5,1
51,0,male,lower,Southampton,Young Adult,0,0
52,1,female,upper,Cherbourg,Elder,1,1
53,1,female,middle,Southampton,Adult,1,1
54,0,male,upper,Cherbourg,Elder,1,1
55,1,male,upper,Southampton,Adult,0,0
56,1,female,middle,Southampton,Young Adult,0,0
57,0,male,lower,Cherbourg,Adult,0,0
58,1,female,middle,Southampton,Adolescent,3,1
59,0,male,lower,Southampton,Teenager,7,1
60,0,male,lower,Cherbourg,Young Adult,0,0
61,1,female,upper,,Adult,0,0
62,0,male,upper,Southampton,Elder,1,1
63,0,male,lower,Southampton,Adolescent,5,1
64,0,male,upper,Cherbourg,Adult,0,0
65,1,male,lower,Cherbourg,Adult,2,1
66,1,female,middle,Southampton,Adult,0,0
67,0,male,lower,Southampton,Young Adult,0,0
68,1,female,lower,Southampton,Teenager,6,1
69,0,male,lower,Southampton,Adult,2,1
70,0,male,middle,Southampton,Adult,0,0
71,0,female,lower,Southampton,Teenager,7,1
72,0,male,middle,Southampton,Young Adult,0,0
73,0,male,lower,Cherbourg,Adult,1,1
74,1,male,lower,Southampton,Adult,0,0
75,0,male,lower,Southampton,Young Adult,0,0
76,0,male,lower,Southampton,Adult,0,0
77,0,male,lower,Southampton,Adult,0,0
78,1,male,middle,Southampton,Adolescent,2,1
79,1,female,lower,Southampton,Adult,0,0
80,0,male,lower,Southampton,Young Adult,0,0
81,1,male,lower,Southampton,Adult,0,0
82,1,female,lower,Queenstown,Adult,0,0
83,0,male,upper,Southampton,Adult,0,0
84,1,female,middle,Southampton,Teenager,0,0
85,1,female,lower,Southampton,Adult,3,1
86,0,male,lower,Southampton,Teenager,4,1
87,0,male,lower,Southampton,Adult,0,0
88,1,female,upper,Southampton,Young Adult,5,1
89,0,male,lower,Southampton,Young Adult,0,0
90,0,male,lower,Southampton,Adult,0,0
91,0,male,lower,Southampton,Young Adult,0,0
92,0,male,upper,Southampton,Elder,1,1
93,0,male,lower,Southampton,Adult,3,1
94,0,male,lower,Southampton,Elder,0,0
95,0,male,lower,Southampton,Adult,0,0
96,0,male,upper,Cherbourg,Elder,0,0
97,1,male,upper,Cherbourg,Young Adult,1,1
98,1,female,middle,Southampton,Adult,1,1
99,0,male,middle,Southampton,Adult,1,1
100,0,female,lower,Southampton,Adult,0,0
101,0,male,lower,Southampton,Adult,0,0
102,0,male,upper,Southampton,Young Adult,1,1
103,0,male,lower,Southampton,Adult,0,0
104,0,male,lower,Southampton,Adult,2,1
105,0,male,lower,Southampton,Adult,0,0
106,1,female,lower,Southampton,Young Adult,0,0
107,1,male,lower,Southampton,Adult,0,0
108,0,male,lower,Southampton,Adult,0,0
109,1,female,lower,Queenstown,Adult,1,1
110,0,male,upper,Southampton,Elder,0,0
111,0,female,lower,Cherbourg,Teenager,1,1
112,0,male,lower,Southampton,Young Adult,0,0
113,0,female,lower,Southampton,Young Adult,1,1
114,0,female,lower,Cherbourg,Teenager,0,0
115,0,male,lower,Southampton,Young Adult,0,0
116,0,male,lower,Queenstown,Elder,0,0
117,0,male,middle,Southampton,Adult,1,1
118,0,male,upper,Cherbourg,Young Adult,1,1
119,0,female,lower,Southampton,Adolescent,6,1
120,0,male,middle,Southampton,Young Adult,2,1
121,0,male,lower,Southampton,Adult,0,0
122,0,male,middle,Cherbourg,Adult,1,1
123,1,female,middle,Southampton,Adult,0,0
124,0,male,upper,Southampton,Elder,1,1
125,1,male,lower,Cherbourg,Teenager,1,1
126,0,male,lower,Queenstown,Adult,0,0
127,1,male,lower,Southampton,Young Adult,0,0
128,1,female,lower,Cherbourg,Adult,2,1
129,0,male,lower,Southampton,Elder,0,0
130,0,male,lower,Cherbourg,Adult,0,0
131,0,male,lower,Southampton,Young Adult,0,0
132,0,female,lower,Southampton,Elder,1,1
133,1,female,middle,Southampton,Adult,1,1
134,0,male,middle,Southampton,Young Adult,0,0
135,0,male,middle,Cherbourg,Young Adult,0,0
136,1,female,upper,Southampton,Young Adult,2,1
137,0,male,upper,Southampton,Adult,1,1
138,0,male,lower,Southampton,Teenager,0,0
139,0,male,upper,Cherbourg,Young Adult,0,0
140,0,female,lower,Cherbourg,Adult,2,1
141,1,female,lower,Southampton,Young Adult,0,0
142,1,female,lower,Southampton,Young Adult,1,1
143,0,male,lower,Queenstown,Young Adult,0,0
144,0,male,middle,Southampton,Teenager,0,0
145,0,male,middle,Southampton,Young Adult,2,1
146,1,male,lower,Southampton,Adult,0,0
147,0,female,lower,Southampton,Adolescent,4,1
148,0,male,middle,Southampton,Adult,2,1
149,0,male,middle,Southampton,Elder,0,0
150,0,male,middle,Southampton,Elder,0,0
151,1,female,upper,Southampton,Young Adult,1,1
152,0,male,lower,Southampton,Elder,0,0
153,0,male,lower,Southampton,Elder,2,1
154,0,male,lower,Southampton,Adult,0,0
155,0,male,upper,Cherbourg,Elder,1,1
156,1,female,lower,Queenstown,Teenager,0,0
157,0,male,lower,Southampton,Adult,0,0
158,0,male,lower,Southampton,Adult,0,0
159,0,male,lower,Southampton,Adult,10,1
160,0,male,lower,Southampton,Elder,1,1
161,1,female,middle,Southampton,Adult,0,0
162,0,male,lower,Southampton,Adult,0,0
163,0,male,lower,Southampton,Teenager,0,0
164,0,male,lower,Southampton,Adolescent,5,1
165,1,male,lower,Southampton,Adolescent,2,1
166,1,female,upper,Southampton,Adult,1,1
167,0,female,lower,Southampton,Elder,5,1
168,0,male,upper,Southampton,Adult,0,0
169,0,male,lower,Southampton,Adult,0,0
170,0,male,upper,Southampton,Elder,0,0
171,0,male,lower,Queenstown,Adolescent,5,1
172,1,female,lower,Southampton,Adolescent,2,1
173,0,male,lower,Southampton,Young Adult,0,0
174,0,male,upper,Cherbourg,Elder,0,0
175,0,male,lower,Southampton,Teenager,2,1
176,0,male,lower,Southampton,Adult,4,1
177,0,female,upper,Cherbourg,Elder,0,0
178,0,male,middle,Southampton,Adult,0,0
179,0,male,lower,Southampton,Adult,0,0
180,0,female,lower,Southampton,Adult,10,1
181,0,male,middle,Cherbourg,Adult,0,0
182,0,male,lower,Southampton,Adolescent,6,1
183,1,male,middle,Southampton,Adolescent,3,1
184,1,female,lower,Southampton,Adolescent,2,1
185,0,male,upper,Southampton,Adult,0,0
186,1,female,lower,Queenstown,Adult,1,1
187,1,male,upper,Southampton,Elder,0,0
188,0,male,lower,Queenstown,Adult,2,1
189,0,male,lower,Southampton,Adult,0,0
190,1,female,middle,Southampton,Adult,0,0
191,0,male,middle,Southampton,Young Adult,0,0
192,1,female,lower,Southampton,Young Adult,1,1
193,1,male,middle,Southampton,Adolescent,2,1
194,1,female,upper,Cherbourg,Elder,0,0
195,1,female,upper,Cherbourg,Elder,0,0
196,0,male,lower,Queenstown,Adult,0,0
197,0,male,lower,Southampton,Elder,1,1
198,1,female,lower,Queenstown,Adult,0,0
199,0,female,middle,Southampton,Young Adult,0,0
200,0,male,lower,Southampton,Adult,0,0
201,0,male,lower,Southampton,Adult,10,1
202,0,male,lower,Southampton,Adult,0,0
203,0,male,lower,Cherbourg,Elder,0,0
204,1,male,lower,Southampton,Teenager,0,0
205,0,female,lower,Southampton,Adolescent,1,1
206,0,male,lower,Southampton,Adult,1,1
207,1,male,lower,Cherbourg,Adult,0,0
208,1,female,lower,Queenstown,Teenager,0,0
209,1,male,upper,Cherbourg,Adult,0,0
210,0,male,lower,Southampton,Young Adult,0,0
211,1,female,middle,Southampton,Adult,0,0
212,0,male,lower,Southampton,Young Adult,0,0
213,0,male,middle,Southampton,Adult,0,0
214,0,male,lower,Queenstown,Adult,1,1
215,1,female,upper,Cherbourg,Adult,1,1
216,1,female,lower,Southampton,Adult,0,0
217,0,male,middle,Southampton,Elder,1,1
218,1,female,upper,Cherbourg,Adult,0,0
219,0,male,middle,Southampton,Adult,0,0
220,1,male,lower,Southampton,Teenager,0,0
221,0,male,middle,Southampton,Adult,0,0
222,0,male,lower,Southampton,Elder,0,0
223,0,male,lower,Southampton,Adult,0,0
224,1,male,upper,Southampton,Adult,1,1
225,0,male,lower,Southampton,Young Adult,0,0
226,1,male,middle,Southampton,Young Adult,0,0
227,0,male,lower,Southampton,Young Adult,0,0
228,0,male,middle,Southampton,Teenager,0,0
229,0,female,lower,Southampton,Adult,4,1
230,1,female,upper,Southampton,Adult,1,1
231,0,male,lower,Southampton,Adult,0,0
232,0,male,middle,Southampton,Elder,0,0
233,1,female,lower,Southampton,Adolescent,6,1
234,0,male,middle,Southampton,Young Adult,0,0
235,0,female,lower,Southampton,Adult,0,0
236,0,male,middle,Southampton,Elder,1,1
237,1,female,middle,Southampton,Adolescent,2,1
238,0,male,middle,Southampton,Young Adult,0,0
239,0,male,middle,Southampton,Adult,0,0
240,0,female,lower,Cherbourg,Adult,1,1
241,1,female,lower,Queenstown,Adult,1,1
242,0,male,middle,Southampton,Adult,0,0
243,0,male,lower,Southampton,Young Adult,0,0
244,0,male,lower,Cherbourg,Adult,0,0
245,0,male,upper,Queenstown,Elder,2,1
246,0,female,lower,Southampton,Young Adult,0,0
247,1,female,middle,Southampton,Young Adult,2,1
248,1,male,upper,Southampton,Adult,2,1
249,0,male,middle,Southampton,Elder,1,1
250,0,male,lower,Southampton,Adult,0,0
251,0,female,lower,Southampton,Adult,2,1
252,0,male,upper,Southampton,Elder,0,0
253,0,male,lower,Southampton,Adult,1,1
254,0,female,lower,Southampton,Elder,2,1
255,1,female,lower,Cherbourg,Adult,2,1
256,1,female,upper,Cherbourg,Adult,0,0
257,1,female,upper,Southampton,Adult,0,0
258,1,female,upper,Cherbourg,Adult,0,0
259,1,female,middle,Southampton,Elder,1,1
260,0,male,lower,Queenstown,Adult,0,0
261,1,male,lower,Southampton,Adolescent,6,1
262,0,male,upper,Southampton,Elder,2,1
263,0,male,upper,Southampton,Adult,0,0
264,0,female,lower,Queenstown,Adult,0,0
265,0,male,middle,Southampton,Adult,0,0
266,0,male,lower,Southampton,Teenager,5,1
267,1,male,lower,Southampton,Young Adult,1,1
268,1,female,upper,Southampton,Elder,1,1
269,1,female,upper,Southampton,Adult,0,0
270,0,male,upper,Southampton,Adult,0,0
271,1,male,lower,Southampton,Young Adult,0,0
272,1,female,middle,Southampton,Elder,1,1
273,0,male,upper,Cherbourg,Adult,1,1
274,1,female,lower,Queenstown,Adult,0,0
275,1,female,upper,Southampton,Elder,1,1
276,0,female,lower,Southampton,Elder,0,0
277,0,male,middle,Southampton,Adult,0,0
278,0,male,lower,Queenstown,Adolescent,5,1
279,1,female,lower,Southampton,Adult,2,1
280,0,male,lower,Queenstown,Elder,0,0
281,0,male,lower,Southampton,Adult,0,0
282,0,male,lower,Southampton,Teenager,0,0
283,1,male,lower,Southampton,Young Adult,0,0
284,0,male,upper,Southampton,Adult,0,0
285,0,male,lower,Cherbourg,Adult,0,0
286,1,male,lower,Southampton,Adult,0,0
287,0,male,lower,Southampton,Young Adult,0,0
288,1,male,middle,Southampton,Elder,0,0
289,1,female,lower,Queenstown,Young Adult,0,0
290,1,female,upper,Southampton,Adult,0,0
291,1,female,upper,Cherbourg,Young Adult,1,1
292,0,male,middle,Cherbourg,Adult,0,0
293,0,female,lower,Southampton,Young Adult,0,0
294,0,male,lower,Southampton,Young Adult,0,0
295,0,male,upper,Cherbourg,Adult,0,0
296,0,male,lower,Cherbourg,Young Adult,0,0
297,0,female,upper,Southampton,Adolescent,3,1
298,1,male,upper,Southampton,Adult,0,0
299,1,female,upper,Cherbourg,Elder,1,1
300,1,female,lower,Queenstown,Adult,0,0
301,1,male,lower,Queenstown,Adult,2,1
302,0,male,lower,Southampton,Young Adult,0,0
303,1,female,middle,Queenstown,Adult,0,0
304,0,male,lower,Southampton,Adult,0,0
305,1,male,upper,Southampton,Adolescent,3,1
306,1,female,upper,Cherbourg,Adult,0,0
307,1,female,upper,Cherbourg,Teenager,1,1
308,0,male,middle,Cherbourg,Adult,1,1
309,1,female,upper,Cherbourg,Adult,0,0
310,1,female,upper,Cherbourg,Young Adult,0,0
311,1,female,upper,Cherbourg,Teenager,4,1
312,0,female,middle,Southampton,Adult,2,1
313,0,male,lower,Southampton,Adult,0,0
314,0,male,middle,Southampton,Elder,2,1
315,1,female,lower,Southampton,Adult,0,0
316,1,female,middle,Southampton,Young Adult,1,1
317,0,male,middle,Southampton,Elder,0,0
318,1,female,upper,Southampton,Adult,2,1
319,1,female,upper,Cherbourg,Adult,2,1
320,0,male,lower,Southampton,Young Adult,0,0
321,0,male,lower,Southampton,Adult,0,0
322,1,female,middle,Queenstown,Adult,0,0
323,1,female,middle,Southampton,Young Adult,2,1
324,0,male,lower,Southampton,Adult,10,1
325,1,female,upper,Cherbourg,Adult,0,0
326,0,male,lower,Southampton,Elder,0,0
327,1,female,middle,Southampton,Adult,0,0
328,1,female,lower,Southampton,Adult,2,1
329,1,female,upper,Cherbourg,Teenager,1,1
330,1,female,lower,Queenstown,Adult,2,1
331,0,male,upper,Southampton,Elder,0,0
332,0,male,upper,Southampton,Adult,1,1
333,0,male,lower,Southampton,Teenager,2,1
334,1,female,upper,Southampton,Adult,1,1
335,0,male,lower,Southampton,Adult,0,0
336,0,male,upper,Southampton,Adult,1,1
337,1,female,upper,Cherbourg,Elder,0,0
338,1,male,lower,Southampton,Elder,0,0
339,0,male,upper,Southampton,Elder,0,0
340,1,male,middle,Southampton,Adolescent,2,1
341,1,female,upper,Southampton,Young Adult,5,1
342,0,male,middle,Southampton,Adult,0,0
343,0,male,middle,Southampton,Young Adult,0,0
344,0,male,middle,Southampton,Adult,0,0
345,1,female,middle,Southampton,Young Adult,0,0
346,1,female,middle,Southampton,Adult,0,0
347,1,female,lower,Southampton,Adult,1,1
348,1,male,lower,Southampton,Adolescent,2,1
349,0,male,lower,Southampton,Elder,0,0
350,0,male,lower,Southampton,Young Adult,0,0
351,0,male,upper,Southampton,Adult,0,0
352,0,male,lower,Cherbourg,Teenager,2,1
353,0,male,lower,Southampton,Young Adult,1,1
354,0,male,lower,Cherbourg,Adult,0,0
355,0,male,lower,Southampton,Adult,0,0
356,1,female,upper,Southampton,Young Adult,1,1
357,0,female,middle,Southampton,Adult,0,0
358,1,female,lower,Queenstown,Adult,0,0
359,1,female,lower,Queenstown,Adult,0,0
360,0,male,lower,Southampton,Adult,5,1
361,0,male,middle,Cherbourg,Adult,1,1
362,0,female,lower,Cherbourg,Elder,1,1
363,0,male,lower,Southampton,Adult,0,0
364,0,male,lower,Queenstown,Adult,1,1
365,0,male,lower,Southampton,Adult,0,0
366,1,female,upper,Cherbourg,Elder,1,1
367,1,female,lower,Cherbourg,Adult,0,0
368,1,female,lower,Queenstown,Adult,0,0
369,1,female,upper,Cherbourg,Young Adult,0,0
370,1,male,upper,Cherbourg,Young Adult,1,1
371,0,male,lower,Southampton,Teenager,1,1
372,0,male,lower,Southampton,Young Adult,0,0
373,0,male,upper,Cherbourg,Young Adult,0,0
374,0,female,lower,Southampton,Adolescent,4,1
375,1,female,upper,Cherbourg,Adult,1,1
376,1,female,lower,Southampton,Young Adult,0,0
377,0,male,upper,Cherbourg,Adult,2,1
378,0,male,lower,Cherbourg,Young Adult,0,0
379,0,male,lower,Southampton,Young Adult,0,0
380,1,female,upper,Cherbourg,Elder,0,0
381,1,female,lower,Cherbourg,Adolescent,2,1
382,0,male,lower,Southampton,Adult,0,0
383,1,female,upper,Southampton,Adult,1,1
384,0,male,lower,Southampton,Adult,0,0
385,0,male,middle,Southampton,Teenager,0,0
386,0,male,lower,Southampton,Adolescent,7,1
387,1,female,middle,Southampton,Adult,0,0
388,0,male,lower,Queenstown,Adult,0,0
389,1,female,middle,Cherbourg,Teenager,0,0
390,1,male,upper,Southampton,Adult,3,1
391,1,male,lower,Southampton,Young Adult,0,0
392,0,male,lower,Southampton,Adult,2,1
393,1,female,upper,Cherbourg,Young Adult,1,1
394,1,female,lower,Southampton,Young Adult,2,1
395,0,male,lower,Southampton,Young Adult,0,0
396,0,female,lower,Southampton,Adult,0,0
397,0,male,middle,Southampton,Elder,0,0
398,0,male,middle,Southampton,Young Adult,0,0
399,1,female,middle,Southampton,Adult,0,0
400,1,male,lower,Southampton,Adult,0,0
401,0,male,lower,Southampton,Adult,0,0
402,0,female,lower,Southampton,Young Adult,1,1
403,0,male,lower,Southampton,Adult,1,1
404,0,female,lower,Southampton,Young Adult,0,0
405,0,male,middle,Southampton,Adult,1,1
406,0,male,lower,Southampton,Elder,0,0
407,1,male,middle,Southampton,Adolescent,2,1
408,0,male,lower,Southampton,Young Adult,0,0
409,0,female,lower,Southampton,Adult,4,1
410,0,male,lower,Southampton,Adult,0,0
411,0,male,lower,Queenstown,Adult,0,0
412,1,female,upper,Queenstown,Adult,1,1
413,0,male,middle,Southampton,Adult,0,0
414,1,male,lower,Southampton,Elder,0,0
415,0,female,lower,Southampton,Adult,0,0
416,1,female,middle,Southampton,Adult,2,1
417,1,female,middle,Southampton,Teenager,2,1
418,0,male,middle,Southampton,Adult,0,0
419,0,female,lower,Southampton,Adolescent,2,1
420,0,male,lower,Cherbourg,Adult,0,0
421,0,male,lower,Queenstown,Young Adult,0,0
422,0,male,lower,Southampton,Adult,0,0
423,0,female,lower,Southampton,Adult,2,1
424,0,male,lower,Southampton,Teenager,2,1
425,0,male,lower,Southampton,Adult,0,0
426,1,female,middle,Southampton,Adult,1,1
427,1,female,middle,Southampton,Young Adult,0,0
428,0,male,lower,Queenstown,Adult,0,0
429,1,male,lower,Southampton,Adult,0,0
430,1,male,upper,Southampton,Adult,0,0
431,1,female,lower,Southampton,Adult,1,1
432,1,female,middle,Southampton,Elder,1,1
433,0,male,lower,Southampton,Teenager,0,0
434,0,male,upper,Southampton,Elder,1,1
435,1,female,upper,Southampton,Teenager,3,1
436,0,female,lower,Southampton,Young Adult,4,1
437,1,female,middle,Southampton,Young Adult,5,1
438,0,male,upper,Southampton,Elder,5,1
439,0,male,middle,Southampton,Adult,0,0
440,1,female,middle,Southampton,Elder,2,1
441,0,male,lower,Southampton,Young Adult,0,0
442,0,male,lower,Southampton,Young Adult,1,1
443,1,female,middle,Southampton,Adult,0,0
444,1,male,lower,Southampton,Adult,0,0
445,1,male,upper,Southampton,Adolescent,2,1
446,1,female,middle,Southampton,Teenager,1,1
447,1,male,upper,Southampton,Adult,0,0
448,1,female,lower,Cherbourg,Adolescent,3,1
449,1,male,upper,Southampton,Elder,0,0
450,0,male,middle,Southampton,Adult,3,1
451,0,male,lower,Southampton,Adult,1,1
452,0,male,upper,Cherbourg,Adult,0,0
453,1,male,upper,Cherbourg,Elder,1,1
454,0,male,lower,Southampton,Adult,0,0
455,1,male,lower,Cherbourg,Adult,0,0
456,0,male,upper,Southampton,Elder,0,0
457,1,female,upper,Southampton,Adult,1,1
458,1,female,middle,Southampton,Elder,0,0
459,0,male,lower,Queenstown,Adult,0,0
460,1,male,upper,Southampton,Elder,0,0
461,0,male,lower,Southampton,Adult,0,0
462,0,male,upper,Southampton,Elder,0,0
463,0,male,middle,Southampton,Elder,0,0
464,0,male,lower,Southampton,Adult,0,0
465,0,male,lower,Southampton,Adult,0,0
466,0,male,middle,Southampton,Adult,0,0
467,0,male,upper,Southampton,Elder,0,0
468,0,male,lower,Queenstown,Adult,0,0
469,1,female,lower,Cherbourg,Adolescent,3,1
470,0,male,lower,Southampton,Adult,0,0
471,0,male,lower,Southampton,Adult,0,0
472,1,female,middle,Southampton,Adult,3,1
473,1,female,middle,Cherbourg,Young Adult,0,0
474,0,female,lower,Southampton,Young Adult,0,0
475,0,male,upper,Southampton,Adult,0,0
476,0,male,middle,Southampton,Adult,1,1
477,0,male,lower,Southampton,Adult,1,1
478,0,male,lower,Southampton,Young Adult,0,0
479,1,female,lower,Southampton,Adolescent,1,1
480,0,male,lower,Southampton,Adolescent,7,1
481,0,male,middle,Southampton,Adult,0,0
482,0,male,lower,Southampton,Elder,0,0
483,1,female,lower,Southampton,Elder,0,0
484,1,male,upper,Cherbourg,Young Adult,1,1
485,0,female,lower,Southampton,Adult,4,1
486,1,female,upper,Southampton,Adult,1,1
487,0,male,upper,Cherbourg,Elder,0,0
488,0,male,lower,Southampton,Adult,0,0
489,1,male,lower,Southampton,Adolescent,2,1
490,0,male,lower,Southampton,Adult,1,1
491,0,male,lower,Southampton,Young Adult,0,0
492,0,male,upper,Southampton,Elder,0,0
493,0,male,upper,Cherbourg,Elder,0,0
494,0,male,lower,Southampton,Young Adult,0,0
495,0,male,lower,Cherbourg,Adult,0,0
496,1,female,upper,Cherbourg,Elder,1,1
497,0,male,lower,Southampton,Adult,0,0
498,0,female,upper,Southampton,Young Adult,3,1
499,0,male,lower,Southampton,Young Adult,0,0
500,0,male,lower,Southampton,Teenager,0,0
501,0,female,lower,Queenstown,Young Adult,0,0
502,0,female,lower,Queenstown,Adult,0,0
503,0,female,lower,Southampton,Adult,0,0
504,1,female,upper,Southampton,Teenager,0,0
505,0,male,upper,Cherbourg,Teenager,1,1
506,1,female,middle,Southampton,Adult,2,1
507,1,male,upper,Southampton,Adult,0,0
508,0,male,lower,Southampton,Adult,0,0
509,1,male,lower,Southampton,Adult,0,0
510,1,male,lower,Queenstown,Adult,0,0
511,0,male,lower,Southampton,Adult,0,0
512,1,male,upper,Southampton,Adult,0,0
513,1,female,upper,Cherbourg,Elder,1,1
514,0,male,lower,Southampton,Young Adult,0,0
515,0,male,upper,Southampton,Elder,0,0
516,1,female,middle,Southampton,Adult,0,0
517,0,male,lower,Queenstown,Adult,0,0
518,1,female,middle,Southampton,Adult,1,1
519,0,male,lower,Southampton,Adult,0,0
520,1,female,upper,Southampton,Adult,0,0
521,0,male,lower,Southampton,Young Adult,0,0
522,0,male,lower,Cherbourg,Adult,0,0
523,1,female,upper,Cherbourg,Elder,1,1
524,0,male,lower,Cherbourg,Adult,0,0
525,0,male,lower,Queenstown,Elder,0,0
526,1,female,middle,Southampton,Elder,0,0
527,0,male,upper,Southampton,Adult,0,0
528,0,male,lower,Southampton,Adult,0,0
529,0,male,middle,Southampton,Young Adult,3,1
530,1,female,middle,Southampton,Adolescent,2,1
531,0,male,lower,Cherbourg,Adult,0,0
532,0,male,lower,Cherbourg,Teenager,2,1
533,1,female,lower,Cherbourg,Adult,2,1
534,0,female,lower,Southampton,Adult,0,0
535,1,female,middle,Southampton,Adolescent,2,1
536,0,male,upper,Southampton,Elder,0,0
537,1,female,upper,Cherbourg,Adult,0,0
538,0,male,lower,Southampton,Adult,0,0
539,1,female,upper,Cherbourg,Young Adult,2,1
540,1,female,upper,Southampton,Adult,2,1
541,0,female,lower,Southampton,Adolescent,6,1
542,0,female,lower,Southampton,Teenager,6,1
543,1,male,middle,Southampton,Adult,1,1
544,0,male,upper,Cherbourg,Elder,1,1
545,0,male,upper,Southampton,Elder,0,0
546,1,female,middle,Southampton,Young Adult,1,1
547,1,male,middle,Cherbourg,Adult,0,0
548,0,male,lower,Southampton,Adult,2,1
549,1,male,middle,Southampton,Adolescent,2,1
550,1,male,upper,Cherbourg,Teenager,2,1
551,0,male,middle,Southampton,Adult,0,0
552,0,male,lower,Queenstown,Adult,0,0
553,1,male,lower,Cherbourg,Young Adult,0,0
554,1,female,lower,Southampton,Young Adult,0,0
555,0,male,upper,Southampton,Elder,0,0
556,1,female,upper,Cherbourg,Elder,1,1
557,0,male,upper,Cherbourg,Adult,0,0
558,1,female,upper,Southampton,Adult,2,1
559,1,female,lower,Southampton,Adult,1,1
560,0,male,lower,Queenstown,Adult,0,0
561,0,male,lower,Southampton,Adult,0,0
562,0,male,middle,Southampton,Adult,0,0
563,0,male,lower,Southampton,Adult,0,0
564,0,female,lower,Southampton,Adult,0,0
565,0,male,lower,Southampton,Young Adult,2,1
566,0,male,lower,Southampton,Young Adult,0,0
567,0,female,lower,Southampton,Adult,4,1
568,0,male,lower,Cherbourg,Adult,0,0
569,1,male,lower,Southampton,Adult,0,0
570,1,male,middle,Southampton,Elder,0,0
571,1,female,upper,Southampton,Elder,2,1
572,1,male,upper,Southampton,Adult,0,0
573,1,female,lower,Queenstown,Adult,0,0
574,0,male,lower,Southampton,Teenager,0,0
575,0,male,lower,Southampton,Young Adult,0,0
576,1,female,middle,Southampton,Adult,0,0
577,1,female,upper,Southampton,Adult,1,1
578,0,female,lower,Cherbourg,Adult,1,1
579,1,male,lower,Southampton,Adult,0,0
580,1,female,middle,Southampton,Young Adult,2,1
581,1,female,upper,Cherbourg,Adult,2,1
582,0,male,middle,Southampton,Elder,0,0
583,0,male,upper,Cherbourg,Adult,0,0
584,0,male,lower,Cherbourg,Adult,0,0
585,1,female,upper,Southampton,Teenager,2,1
586,0,male,middle,Southampton,Elder,0,0
587,1,male,upper,Cherbourg,Elder,2,1
588,0,male,lower,Southampton,Young Adult,0,0
589,0,male,lower,Southampton,Adult,0,0
590,0,male,lower,Southampton,Adult,0,0
591,1,female,upper,Cherbourg,Elder,1,1
592,0,male,lower,Southampton,Elder,0,0
593,0,female,lower,Queenstown,Adult,2,1
594,0,male,middle,Southampton,Adult,1,1
595,0,male,lower,Southampton,Adult,2,1
596,1,female,middle,Southampton,Adult,0,0
597,0,male,lower,Southampton,Elder,0,0
598,0,male,lower,Cherbourg,Adult,0,0
599,1,male,upper,Cherbourg,Elder,1,1
600,1,female,middle,Southampton,Young Adult,3,1
601,0,male,lower,Southampton,Adult,0,0
602,0,male,upper,Southampton,Adult,0,0
603,0,male,lower,Southampton,Elder,0,0
604,1,male,upper,Cherbourg,Adult,0,0
605,0,male,lower,Southampton,Adult,1,1
606,0,male,lower,Southampton,Adult,0,0
607,1,male,upper,Southampton,Adult,0,0
608,1,female,middle,Cherbourg,Young Adult,3,1
609,1,female,upper,Southampton,Adult,0,0
610,0,female,lower,Southampton,Adult,6,1
611,0,male,lower,Southampton,Adult,0,0
612,1,female,lower,Queenstown,Adult,1,1
613,0,male,lower,Queenstown,Adult,0,0
614,0,male,lower,Southampton,Adult,0,0
615,1,female,middle,Southampton,Young Adult,3,1
616,0,male,lower,Southampton,Adult,2,1
617,0,female,lower,Southampton,Adult,1,1
618,1,female,middle,Southampton,Adolescent,3,1
619,0,male,middle,Southampton,Adult,0,0
620,0,male,lower,Cherbourg,Adult,1,1
621,1,male,upper,Southampton,Elder,1,1
622,1,male,lower,Cherbourg,Young Adult,2,1
623,0,male,lower,Southampton,Young Adult,0,0
624,0,male,lower,Southampton,Young Adult,0,0
625,0,male,upper,Southampton,Elder,0,0
626,0,male,middle,Queenstown,Elder,0,0
627,1,female,upper,Southampton,Young Adult,0,0
628,0,male,lower,Southampton,Adult,0,0
629,0,male,lower,Queenstown,Adult,0,0
630,1,male,upper,Southampton,Elder,0,0
631,0,male,lower,Southampton,Elder,0,0
632,1,male,upper,Cherbourg,Adult,0,0
633,0,male,upper,Southampton,Adult,0,0
634,0,female,lower,Southampton,Adolescent,5,1
635,1,female,middle,Southampton,Adult,0,0
636,0,male,lower,Southampton,Adult,0,0
637,0,male,middle,Southampton,Adult,2,1
638,0,female,lower,Southampton,Elder,5,1
639,0,male,lower,Southampton,Adult,1,1
640,0,male,lower,Southampton,Young Adult,0,0
641,1,female,upper,Cherbourg,Young Adult,0,0
642,0,female,lower,Southampton,Adolescent,5,1
643,1,male,lower,Southampton,Adult,0,0
644,1,female,lower,Cherbourg,Adolescent,3,1
645,1,male,upper,Cherbourg,Elder,1,1
646,0,male,lower,Southampton,Young Adult,0,0
647,1,male,upper,Cherbourg,Elder,0,0
648,0,male,lower,Southampton,Adult,0,0
649,1,female,lower,Southampton,Young Adult,0,0
650,0,male,lower,Southampton,Adult,0,0
651,1,female,middle,Southampton,Teenager,1,1
652,0,male,lower,Southampton,Young Adult,0,0
653,1,female,lower,Queenstown,Adult,0,0
654,0,female,lower,Queenstown,Teenager,0,0
655,0,male,middle,Southampton,Young Adult,2,1
656,0,male,lower,Southampton,Adult,0,0
657,0,female,lower,Queenstown,Adult,2,1
658,0,male,middle,Southampton,Young Adult,0,0
659,0,male,upper,Cherbourg,Elder,2,1
660,1,male,upper,Southampton,Elder,2,1
661,0,male,lower,Cherbourg,Adult,0,0
662,0,male,upper,Southampton,Elder,0,0
663,0,male,lower,Southampton,Adult,0,0
664,1,male,lower,Southampton,Young Adult,1,1
665,0,male,middle,Southampton,Adult,2,1
666,0,male,middle,Southampton,Young Adult,0,0
667,0,male,lower,Southampton,Adult,0,0
668,0,male,lower,Southampton,Elder,0,0
669,1,female,upper,Southampton,Adult,1,1
670,1,female,middle,Southampton,Adult,2,1
671,0,male,upper,Southampton,Adult,1,1
672,0,male,middle,Southampton,Elder,0,0
673,1,male,middle,Southampton,Adult,0,0
674,0,male,middle,Southampton,Adult,0,0
675,0,male,lower,Southampton,Teenager,0,0
676,0,male,lower,Southampton,Young Adult,0,0
677,1,female,lower,Southampton,Teenager,0,0
678,0,female,lower,Southampton,Elder,7,1
679,1,male,upper,Cherbourg,Adult,1,1
680,0,female,lower,Queenstown,Adult,0,0
681,1,male,upper,Cherbourg,Adult,0,0
682,0,male,lower,Southampton,Young Adult,0,0
683,0,male,lower,Southampton,Teenager,7,1
684,0,male,middle,Southampton,Elder,2,1
685,0,male,middle,Cherbourg,Young Adult,3,1
686,0,male,lower,Southampton,Teenager,5,1
687,0,male,lower,Southampton,Young Adult,0,0
688,0,male,lower,Southampton,Teenager,0,0
689,1,female,upper,Southampton,Teenager,1,1
690,1,male,upper,Southampton,Adult,1,1
691,1,female,lower,Cherbourg,Adolescent,1,1
692,1,male,lower,Southampton,Adult,0,0
693,0,male,lower,Cherbourg,Young Adult,0,0
694,0,male,upper,Southampton,Elder,0,0
695,0,male,middle,Southampton,Elder,0,0
696,0,male,lower,Southampton,Elder,0,0
697,1,female,lower,Queenstown,Adult,0,0
698,0,male,upper,Cherbourg,Elder,2,1
699,0,male,lower,Southampton,Elder,0,0
700,1,female,upper,Cherbourg,Teenager,1,1
701,1,male,upper,Southampton,Adult,0,0
702,0,female,lower,Cherbourg,Teenager,1,1
703,0,male,lower,Queenstown,Young Adult,0,0
704,0,male,lower,Southampton,Adult,1,1
705,0,male,middle,Southampton,Adult,0,0
706,1,female,middle,Southampton,Elder,0,0
707,1,male,upper,Southampton,Elder,0,0
708,1,female,upper,Southampton,Young Adult,0,0
709,1,male,lower,Cherbourg,Adult,2,1
710,1,female,upper,Cherbourg,Young Adult,0,0
711,0,male,upper,Southampton,Adult,0,0
712,1,male,upper,Southampton,Elder,1,1
713,0,male,lower,Southampton,Adult,0,0
714,0,male,middle,Southampton,Elder,0,0
715,0,male,lower,Southampton,Young Adult,0,0
716,1,female,upper,Cherbourg,Adult,0,0
717,1,female,middle,Southampton,Adult,0,0
718,0,male,lower,Queenstown,Adult,0,0
719,0,male,lower,Southampton,Adult,0,0
720,1,female,middle,Southampton,Adolescent,1,1
721,0,male,lower,Southampton,Teenager,1,1
722,0,male,middle,Southampton,Adult,0,0
723,0,male,middle,Southampton,Elder,0,0
724,1,male,upper,Southampton,Adult,1,1
725,0,male,lower,Southampton,Young Adult,0,0
726,1,female,middle,Southampton,Adult,3,1
727,1,female,lower,Queenstown,Adult,0,0
728,0,male,middle,Southampton,Young Adult,1,1
729,0,female,lower,Southampton,Young Adult,1,1
730,1,female,upper,Southampton,Adult,0,0
731,0,male,lower,Cherbourg,Teenager,0,0
732,0,male,middle,Southampton,Adult,0,0
733,0,male,middle,Southampton,Young Adult,0,0
734,0,male,middle,Southampton,Young Adult,0,0
735,0,male,lower,Southampton,Adult,0,0
736,0,female,lower,Southampton,Elder,4,1
737,1,male,upper,Cherbourg,Adult,0,0
738,0,male,lower,Southampton,Adult,0,0
739,0,male,lower,Southampton,Adult,0,0
740,1,male,upper,Southampton,Adult,0,0
741,0,male,upper,Southampton,Adult,1,1
742,1,female,upper,Cherbourg,Young Adult,4,1
743,0,male,lower,Southampton,Young Adult,1,1
744,1,male,lower,Southampton,Adult,0,0
745,0,male,upper,Southampton,Elder,2,1
746,0,male,lower,Southampton,Teenager,2,1
747,1,female,middle,Southampton,Adult,0,0
748,0,male,upper,Southampton,Young Adult,1,1
749,0,male,lower,Queenstown,Adult,0,0
750,1,female,middle,Southampton,Adolescent,2,1
751,1,male,lower,Southampton,Adolescent,1,1
752,0,male,lower,Southampton,Adult,0,0
753,0,male,lower,Southampton,Young Adult,0,0
754,1,female,middle,Southampton,Elder,3,1
755,1,male,middle,Southampton,Adolescent,2,1
756,0,male,lower,Southampton,Adult,0,0
757,0,male,middle,Southampton,Teenager,0,0
758,0,male,lower,Southampton,Adult,0,0
759,1,female,upper,Southampton,Adult,0,0
760,0,male,lower,Southampton,Adult,0,0
761,0,male,lower,Southampton,Elder,0,0
762,1,male,lower,Cherbourg,Young Adult,0,0
763,1,female,upper,Southampton,Adult,3,1
764,0,male,lower,Southampton,Teenager,0,0
765,1,female,upper,Southampton,Elder,1,1
766,0,male,upper,Cherbourg,Adult,0,0
767,0,female,lower,Queenstown,Adult,0,0
768,0,male,lower,Queenstown,Adult,1,1
769,0,male,lower,Southampton,Adult,0,0
770,0,male,lower,Southampton,Young Adult,0,0
771,0,male,lower,Southampton,Elder,0,0
772,0,female,middle,Southampton,Elder,0,0
773,0,male,lower,Cherbourg,Adult,0,0
774,1,female,middle,Southampton,Elder,4,1
775,0,male,lower,Southampton,Teenager,0,0
776,0,male,lower,Queenstown,Adult,0,0
777,1,female,lower,Southampton,Adolescent,0,0
778,0,male,lower,Queenstown,Adult,0,0
779,1,female,upper,Southampton,Elder,1,1
780,1,female,lower,Cherbourg,Teenager,0,0
781,1,female,upper,Southampton,Teenager,1,1
782,0,male,upper,Southampton,Adult,0,0
783,0,male,lower,Southampton,Adult,3,1
784,0,male,lower,Southampton,Young Adult,0,0
785,0,male,lower,Southampton,Young Adult,0,0
786,1,female,lower,Southampton,Teenager,0,0
787,0,male,lower,Queenstown,Adolescent,5,1
788,1,male,lower,Southampton,Adolescent,3,1
789,0,male,upper,Cherbourg,Elder,0,0
790,0,male,lower,Queenstown,Adult,0,0
791,0,male,middle,Southampton,Teenager,0,0
792,0,female,lower,Southampton,Adult,10,1
793,0,male,upper,Cherbourg,Adult,0,0
794,0,male,lower,Southampton,Young Adult,0,0
795,0,male,middle,Southampton,Adult,0,0
796,1,female,upper,Southampton,Elder,0,0
797,1,female,lower,Southampton,Adult,0,0
798,0,male,lower,Cherbourg,Adult,0,0
799,0,female,lower,Southampton,Adult,2,1
800,0,male,middle,Southampton,Adult,0,0
801,1,female,middle,Southampton,Adult,2,1
802,1,male,upper,Southampton,Teenager,3,1
803,1,male,lower,Cherbourg,Adolescent,1,1
804,1,male,lower,Southampton,Adult,0,0
805,0,male,lower,Southampton,Adult,0,0
806,0,male,upper,Southampton,Adult,0,0
807,0,female,lower,Southampton,Teenager,0,0
808,0,male,middle,Southampton,Adult,0,0
809,1,female,upper,Southampton,Adult,1,1
810,0,male,lower,Southampton,Adult,0,0
811,0,male,lower,Southampton,Adult,0,0
812,0,male,middle,Southampton,Adult,0,0
813,0,female,lower,Southampton,Adolescent,6,1
814,0,male,lower,Southampton,Adult,0,0
815,0,male,upper,Southampton,Adult,0,0
816,0,female,lower,Southampton,Young Adult,0,0
817,0,male,middle,Cherbourg,Adult,2,1
818,0,male,lower,Southampton,Elder,0,0
819,0,male,lower,Southampton,Adolescent,5,1
820,1,female,upper,Southampton,Elder,2,1
821,1,male,lower,Southampton,Adult,0,0
822,0,male,upper,Southampton,Adult,0,0
823,1,female,lower,Southampton,Adult,1,1
824,0,male,lower,Southampton,Adolescent,5,1
825,0,male,lower,Queenstown,Adult,0,0
826,0,male,lower,Southampton,Adult,0,0
827,1,male,middle,Cherbourg,Adolescent,2,1
828,1,male,lower,Queenstown,Adult,0,0
829,1,female,upper,,Elder,0,0
830,1,female,lower,Cherbourg,Teenager,1,1
831,1,male,middle,Southampton,Adolescent,2,1
832,0,male,lower,Cherbourg,Adult,0,0
833,0,male,lower,Southampton,Young Adult,0,0
834,0,male,lower,Southampton,Teenager,0,0
835,1,female,upper,Cherbourg,Adult,2,1
836,0,male,lower,Southampton,Young Adult,0,0
837,0,male,lower,Southampton,Adult,0,0
838,1,male,lower,Southampton,Adult,0,0
839,1,male,upper,Cherbourg,Adult,0,0
840,0,male,lower,Southampton,Young Adult,0,0
841,0,male,middle,Southampton,Teenager,0,0
842,1,female,upper,Cherbourg,Adult,0,0
843,0,male,lower,Cherbourg,Adult,0,0
844,0,male,lower,Southampton,Teenager,0,0
845,0,male,lower,Southampton,Elder,0,0
846,0,male,lower,Southampton,Adult,10,1
847,0,male,lower,Cherbourg,Adult,0,0
848,0,male,middle,Southampton,Adult,1,1
849,1,female,upper,Cherbourg,Adult,1,1
850,0,male,lower,Southampton,Adolescent,6,1
851,0,male,lower,Southampton,Elder,0,0
852,0,female,lower,Cherbourg,Adolescent,2,1
853,1,female,upper,Southampton,Teenager,1,1
854,0,female,middle,Southampton,Elder,1,1
855,1,female,lower,Southampton,Teenager,1,1
856,1,female,upper,Southampton,Elder,2,1
857,1,male,upper,Southampton,Elder,0,0
858,1,female,lower,Cherbourg,Young Adult,3,1
859,0,male,lower,Cherbourg,Adult,0,0
860,0,male,lower,Southampton,Elder,2,1
861,0,male,middle,Southampton,Young Adult,1,1
862,1,female,upper,Southampton,Elder,0,0
863,0,female,lower,Southampton,Adult,10,1
864,0,male,middle,Southampton,Young Adult,0,0
865,1,female,middle,Southampton,Elder,0,0
866,1,female,middle,Cherbourg,Adult,1,1
867,0,male,upper,Southampton,Adult,0,0
868,0,male,lower,Southampton,Adult,0,0
869,1,male,lower,Southampton,Adolescent,2,1
870,0,male,lower,Southampton,Adult,0,0
871,1,female,upper,Southampton,Elder,2,1
872,0,male,upper,Southampton,Adult,0,0
873,0,male,lower,Southampton,Elder,0,0
874,1,female,middle,Cherbourg,Adult,1,1
875,1,female,lower,Cherbourg,Teenager,0,0
876,0,male,lower,Southampton,Young Adult,0,0
877,0,male,lower,Southampton,Young Adult,0,0
878,0,male,lower,Southampton,Adult,0,0
879,1,female,upper,Cherbourg,Elder,1,1
880,1,female,middle,Southampton,Young Adult,1,1
881,0,male,lower,Southampton,Adult,0,0
882,0,female,lower,Southampton,Young Adult,0,0
883,0,male,middle,Southampton,Adult,0,0
884,0,male,lower,Southampton,Young Adult,0,0
885,0,female,lower,Queenstown,Adult,5,1
886,0,male,middle,Southampton,Adult,0,0
887,1,female,upper,Southampton,Young Adult,0,0
888,0,female,lower,Southampton,Adult,3,1
889,1,male,upper,Cherbourg,Adult,0,0
890,0,male,lower,Queenstown,Adult,0,0
